Rok,Imie,Liczba,Plec,Woj
2013,JAKUB,757,M,Dolnoslakie
2013,FILIP,576,M,Dolnoslakie
2013,KACPER,553,M,Dolnoslakie
2013,SZYMON,533,M,Dolnoslakie
2013,ANTONI,478,M,Dolnoslakie
2013,MICHAL,449,M,Dolnoslakie
2013,JAN,445,M,Dolnoslakie
2013,WOJCIECH,421,M,Dolnoslakie
2013,MATEUSZ,374,M,Dolnoslakie
2013,BARTOSZ,362,M,Dolnoslakie
2013,ADAM,310,M,Dolnoslakie
2013,LENA,829,K,Dolnoslakie
2013,JULIA,772,K,Dolnoslakie
2013,HANNA,699,K,Dolnoslakie
2013,ZUZANNA,690,K,Dolnoslakie
2013,MAJA,647,K,Dolnoslakie
2013,ZOFIA,444,K,Dolnoslakie
2013,ALEKSANDRA,434,K,Dolnoslakie
2013,AMELIA,419,K,Dolnoslakie
2013,OLIWIA,399,K,Dolnoslakie
2013,WIKTORIA,394,K,Dolnoslakie
2013,JAKUB,599,M,Kujawsko-pomorskie
2013,KACPER,472,M,Kujawsko-pomorskie
2013,FILIP,430,M,Kujawsko-pomorskie
2013,SZYMON,363,M,Kujawsko-pomorskie
2013,JAN,337,M,Kujawsko-pomorskie
2013,ANTONI,302,M,Kujawsko-pomorskie
2013,MARCEL,293,M,Kujawsko-pomorskie
2013,MATEUSZ,284,M,Kujawsko-pomorskie
2013,ADAM,283,M,Kujawsko-pomorskie
2013,WOJCIECH,262,M,Kujawsko-pomorskie
2013,ALEKSANDER,261,M,Kujawsko-pomorskie
2013,LENA,720,K,Kujawsko-pomorskie
2013,JULIA,636,K,Kujawsko-pomorskie
2013,ZUZANNA,542,K,Kujawsko-pomorskie
2013,MAJA,526,K,Kujawsko-pomorskie
2013,AMELIA,404,K,Kujawsko-pomorskie
2013,ZOFIA,372,K,Kujawsko-pomorskie
2013,OLIWIA,326,K,Kujawsko-pomorskie
2013,WIKTORIA,312,K,Kujawsko-pomorskie
2013,ALICJA,276,K,Kujawsko-pomorskie
2013,NATALIA,252,K,Kujawsko-pomorskie
2013,JAKUB,585,M,Lubelskie
2013,KACPER,504,M,Lubelskie
2013,SZYMON,474,M,Lubelskie
2013,FILIP,389,M,Lubelskie
2013,MICHAL,367,M,Lubelskie
2013,ANTONI,331,M,Lubelskie
2013,JAN,286,M,Lubelskie
2013,WOJCIECH,266,M,Lubelskie
2013,MARCEL,263,M,Lubelskie
2013,MATEUSZ,245,M,Lubelskie
2013,MIKOLAJ,232,M,Lubelskie
2013,LENA,590,K,Lubelskie
2013,JULIA,554,K,Lubelskie
2013,ZUZANNA,525,K,Lubelskie
2013,MAJA,483,K,Lubelskie
2013,ALEKSANDRA,377,K,Lubelskie
2013,WIKTORIA,360,K,Lubelskie
2013,AMELIA,349,K,Lubelskie
2013,HANNA,337,K,Lubelskie
2013,NATALIA,316,K,Lubelskie
2013,NIKOLA,312,K,Lubelskie
2013,JAKUB,267,M,Lubuskie
2013,FILIP,209,M,Lubuskie
2013,KACPER,204,M,Lubuskie
2013,SZYMON,192,M,Lubuskie
2013,ANTONI,167,M,Lubuskie
2013,MICHAL,162,M,Lubuskie
2013,JAN,149,M,Lubuskie
2013,BARTOSZ,127,M,Lubuskie
2013,ALEKSANDER,124,M,Lubuskie
2013,MARCEL,118,M,Lubuskie
2013,ALAN,118,M,Lubuskie
2013,LENA,347,K,Lubuskie
2013,JULIA,337,K,Lubuskie
2013,MAJA,277,K,Lubuskie
2013,HANNA,252,K,Lubuskie
2013,ZUZANNA,239,K,Lubuskie
2013,AMELIA,167,K,Lubuskie
2013,ZOFIA,159,K,Lubuskie
2013,ALEKSANDRA,156,K,Lubuskie
2013,WIKTORIA,153,K,Lubuskie
2013,OLIWIA,133,K,Lubuskie
2013,JAKUB,697,M,Lodzkie
2013,KACPER,560,M,Lodzkie
2013,FILIP,495,M,Lodzkie
2013,ANTONI,474,M,Lodzkie
2013,JAN,472,M,Lodzkie
2013,SZYMON,406,M,Lodzkie
2013,ADAM,370,M,Lodzkie
2013,WOJCIECH,323,M,Lodzkie
2013,MATEUSZ,322,M,Lodzkie
2013,ALEKSANDER,293,M,Lodzkie
2013,FRANCISZEK,285,M,Lodzkie
2013,LENA,771,K,Lodzkie
2013,JULIA,676,K,Lodzkie
2013,MAJA,611,K,Lodzkie
2013,ZUZANNA,549,K,Lodzkie
2013,AMELIA,431,K,Lodzkie
2013,HANNA,424,K,Lodzkie
2013,WIKTORIA,392,K,Lodzkie
2013,NATALIA,377,K,Lodzkie
2013,ZOFIA,376,K,Lodzkie
2013,ALEKSANDRA,340,K,Lodzkie
2013,JAKUB,1098,M,Malopolskie
2013,KACPER,881,M,Malopolskie
2013,SZYMON,727,M,Malopolskie
2013,FILIP,721,M,Malopolskie
2013,JAN,671,M,Malopolskie
2013,ANTONI,579,M,Malopolskie
2013,MICHAL,560,M,Malopolskie
2013,WOJCIECH,493,M,Malopolskie
2013,FRANCISZEK,463,M,Malopolskie
2013,MATEUSZ,454,M,Malopolskie
2013,KAROL,428,M,Malopolskie
2013,JULIA,1022,K,Malopolskie
2013,LENA,887,K,Malopolskie
2013,ZUZANNA,869,K,Malopolskie
2013,ALEKSANDRA,705,K,Malopolskie
2013,EMILIA,688,K,Malopolskie
2013,MAJA,632,K,Malopolskie
2013,WIKTORIA,582,K,Malopolskie
2013,ZOFIA,569,K,Malopolskie
2013,NATALIA,543,K,Malopolskie
2013,AMELIA,541,K,Malopolskie
2013,JAKUB,1538,M,Mazowieckie
2013,JAN,1481,M,Mazowieckie
2013,ANTONI,1305,M,Mazowieckie
2013,KACPER,1190,M,Mazowieckie
2013,FILIP,1139,M,Mazowieckie
2013,SZYMON,1062,M,Mazowieckie
2013,ADAM,924,M,Mazowieckie
2013,FRANCISZEK,908,M,Mazowieckie
2013,ALEKSANDER,907,M,Mazowieckie
2013,MICHAL,798,M,Mazowieckie
2013,MATEUSZ,777,M,Mazowieckie
2013,JULIA,1554,K,Mazowieckie
2013,LENA,1544,K,Mazowieckie
2013,ZUZANNA,1411,K,Mazowieckie
2013,MAJA,1337,K,Mazowieckie
2013,ZOFIA,1227,K,Mazowieckie
2013,ALEKSANDRA,1102,K,Mazowieckie
2013,ALICJA,960,K,Mazowieckie
2013,AMELIA,955,K,Mazowieckie
2013,NATALIA,936,K,Mazowieckie
2013,HANNA,874,K,Mazowieckie
2013,JAKUB,248,M,Opolskie
2013,FILIP,198,M,Opolskie
2013,MICHAL,171,M,Opolskie
2013,SZYMON,168,M,Opolskie
2013,KACPER,149,M,Opolskie
2013,ANTONI,136,M,Opolskie
2013,WOJCIECH,131,M,Opolskie
2013,BARTOSZ,128,M,Opolskie
2013,ADAM,116,M,Opolskie
2013,JAN,109,M,Opolskie
2013,MATEUSZ,107,M,Opolskie
2013,LENA,263,K,Opolskie
2013,JULIA,247,K,Opolskie
2013,MAJA,220,K,Opolskie
2013,HANNA,217,K,Opolskie
2013,ZUZANNA,184,K,Opolskie
2013,EMILIA,134,K,Opolskie
2013,AMELIA,132,K,Opolskie
2013,ZOFIA,127,K,Opolskie
2013,WIKTORIA,126,K,Opolskie
2013,MILENA,120,K,Opolskie
2013,JAKUB,667,M,Podkarpackie
2013,SZYMON,575,M,Podkarpackie
2013,KACPER,558,M,Podkarpackie
2013,FILIP,503,M,Podkarpackie
2013,MICHAL,403,M,Podkarpackie
2013,ANTONI,344,M,Podkarpackie
2013,JAN,294,M,Podkarpackie
2013,KAROL,283,M,Podkarpackie
2013,WIKTOR,261,M,Podkarpackie
2013,MIKOLAJ,248,M,Podkarpackie
2013,MATEUSZ,246,M,Podkarpackie
2013,JULIA,697,K,Podkarpackie
2013,LENA,659,K,Podkarpackie
2013,ZUZANNA,530,K,Podkarpackie
2013,MAJA,514,K,Podkarpackie
2013,ALEKSANDRA,392,K,Podkarpackie
2013,WIKTORIA,383,K,Podkarpackie
2013,AMELIA,376,K,Podkarpackie
2013,MILENA,371,K,Podkarpackie
2013,EMILIA,356,K,Podkarpackie
2013,OLIWIA,346,K,Podkarpackie
2013,JAKUB,317,M,Podlaskie
2013,KACPER,298,M,Podlaskie
2013,SZYMON,224,M,Podlaskie
2013,FILIP,223,M,Podlaskie
2013,MICHAL,215,M,Podlaskie
2013,BARTOSZ,201,M,Podlaskie
2013,JAN,175,M,Podlaskie
2013,PIOTR,173,M,Podlaskie
2013,MATEUSZ,169,M,Podlaskie
2013,DAWID,158,M,Podlaskie
2013,ADAM,156,M,Podlaskie
2013,JULIA,351,K,Podlaskie
2013,LENA,300,K,Podlaskie
2013,ZUZANNA,277,K,Podlaskie
2013,ALEKSANDRA,265,K,Podlaskie
2013,AMELIA,237,K,Podlaskie
2013,MAJA,230,K,Podlaskie
2013,WIKTORIA,224,K,Podlaskie
2013,NATALIA,200,K,Podlaskie
2013,ZOFIA,183,K,Podlaskie
2013,HANNA,175,K,Podlaskie
2013,JAKUB,620,M,Pomorskie
2013,FILIP,517,M,Pomorskie
2013,JAN,503,M,Pomorskie
2013,KACPER,490,M,Pomorskie
2013,SZYMON,382,M,Pomorskie
2013,ANTONI,348,M,Pomorskie
2013,FRANCISZEK,340,M,Pomorskie
2013,ALEKSANDER,329,M,Pomorskie
2013,IGOR,296,M,Pomorskie
2013,WOJCIECH,275,M,Pomorskie
2013,MIKOLAJ,274,M,Pomorskie
2013,LENA,700,K,Pomorskie
2013,JULIA,681,K,Pomorskie
2013,ZUZANNA,613,K,Pomorskie
2013,MAJA,606,K,Pomorskie
2013,ZOFIA,455,K,Pomorskie
2013,AMELIA,391,K,Pomorskie
2013,WIKTORIA,361,K,Pomorskie
2013,HANNA,347,K,Pomorskie
2013,OLIWIA,344,K,Pomorskie
2013,NATALIA,302,K,Pomorskie
2013,JAKUB,1194,M,Slaskie
2013,KACPER,987,M,Slaskie
2013,FILIP,978,M,Slaskie
2013,SZYMON,838,M,Slaskie
2013,MATEUSZ,675,M,Slaskie
2013,JAN,652,M,Slaskie
2013,WOJCIECH,639,M,Slaskie
2013,MICHAL,607,M,Slaskie
2013,BARTOSZ,605,M,Slaskie
2013,ANTONI,562,M,Slaskie
2013,PIOTR,560,M,Slaskie
2013,JULIA,1312,K,Slaskie
2013,LENA,1194,K,Slaskie
2013,ZUZANNA,1163,K,Slaskie
2013,MAJA,1098,K,Slaskie
2013,HANNA,823,K,Slaskie
2013,NATALIA,786,K,Slaskie
2013,EMILIA,757,K,Slaskie
2013,AMELIA,699,K,Slaskie
2013,ZOFIA,693,K,Slaskie
2013,WIKTORIA,685,K,Slaskie
2013,JAKUB,345,M,Swietokrzyskie
2013,KACPER,336,M,Swietokrzyskie
2013,FILIP,237,M,Swietokrzyskie
2013,ANTONI,205,M,Swietokrzyskie
2013,JAN,186,M,Swietokrzyskie
2013,WIKTOR,181,M,Swietokrzyskie
2013,BARTOSZ,176,M,Swietokrzyskie
2013,ADAM,160,M,Swietokrzyskie
2013,MARCEL,154,M,Swietokrzyskie
2013,IGOR,149,M,Swietokrzyskie
2013,ALEKSANDER,147,M,Swietokrzyskie
2013,LENA,403,K,Swietokrzyskie
2013,JULIA,346,K,Swietokrzyskie
2013,MAJA,301,K,Swietokrzyskie
2013,ZUZANNA,278,K,Swietokrzyskie
2013,NATALIA,230,K,Swietokrzyskie
2013,AMELIA,211,K,Swietokrzyskie
2013,ALEKSANDRA,177,K,Swietokrzyskie
2013,ZOFIA,169,K,Swietokrzyskie
2013,NIKOLA,168,K,Swietokrzyskie
2013,OLIWIA,167,K,Swietokrzyskie
2013,JAKUB,419,M,Warminsko-mazurskie
2013,FILIP,321,M,Warminsko-mazurskie
2013,KACPER,315,M,Warminsko-mazurskie
2013,SZYMON,249,M,Warminsko-mazurskie
2013,ANTONI,221,M,Warminsko-mazurskie
2013,MICHAL,219,M,Warminsko-mazurskie
2013,JAN,218,M,Warminsko-mazurskie
2013,ALEKSANDER,215,M,Warminsko-mazurskie
2013,WOJCIECH,189,M,Warminsko-mazurskie
2013,MARCEL,182,M,Warminsko-mazurskie
2013,BARTOSZ,177,M,Warminsko-mazurskie
2013,LENA,516,K,Warminsko-mazurskie
2013,JULIA,429,K,Warminsko-mazurskie
2013,ZUZANNA,419,K,Warminsko-mazurskie
2013,MAJA,405,K,Warminsko-mazurskie
2013,ZOFIA,255,K,Warminsko-mazurskie
2013,AMELIA,252,K,Warminsko-mazurskie
2013,ALEKSANDRA,245,K,Warminsko-mazurskie
2013,HANNA,240,K,Warminsko-mazurskie
2013,WIKTORIA,219,K,Warminsko-mazurskie
2013,OLIWIA,202,K,Warminsko-mazurskie
2013,JAKUB,1018,M,Wielkopolskie
2013,KACPER,770,M,Wielkopolskie
2013,FILIP,762,M,Wielkopolskie
2013,ANTONI,742,M,Wielkopolskie
2013,JAN,739,M,Wielkopolskie
2013,WOJCIECH,700,M,Wielkopolskie
2013,FRANCISZEK,616,M,Wielkopolskie
2013,ADAM,530,M,Wielkopolskie
2013,MIKOLAJ,492,M,Wielkopolskie
2013,SZYMON,489,M,Wielkopolskie
2013,MARCEL,483,M,Wielkopolskie
2013,LENA,1104,K,Wielkopolskie
2013,JULIA,1081,K,Wielkopolskie
2013,MAJA,920,K,Wielkopolskie
2013,ZUZANNA,903,K,Wielkopolskie
2013,ZOFIA,865,K,Wielkopolskie
2013,AMELIA,616,K,Wielkopolskie
2013,WIKTORIA,560,K,Wielkopolskie
2013,MARIA,536,K,Wielkopolskie
2013,OLIWIA,506,K,Wielkopolskie
2013,HANNA,493,K,Wielkopolskie
2013,JAKUB,441,M,Zachodniopomorskie
2013,FILIP,351,M,Zachodniopomorskie
2013,ANTONI,336,M,Zachodniopomorskie
2013,KACPER,323,M,Zachodniopomorskie
2013,JAN,287,M,Zachodniopomorskie
2013,SZYMON,270,M,Zachodniopomorskie
2013,MICHAL,262,M,Zachodniopomorskie
2013,MARCEL,243,M,Zachodniopomorskie
2013,ADAM,229,M,Zachodniopomorskie
2013,ALEKSANDER,225,M,Zachodniopomorskie
2013,WOJCIECH,217,M,Zachodniopomorskie
2013,LENA,553,K,Zachodniopomorskie
2013,JULIA,514,K,Zachodniopomorskie
2013,MAJA,457,K,Zachodniopomorskie
2013,ZUZANNA,434,K,Zachodniopomorskie
2013,HANNA,404,K,Zachodniopomorskie
2013,AMELIA,269,K,Zachodniopomorskie
2013,ZOFIA,265,K,Zachodniopomorskie
2013,WIKTORIA,231,K,Zachodniopomorskie
2013,OLIWIA,223,K,Zachodniopomorskie
2013,ALEKSANDRA,212,K,Zachodniopomorskie
2014,JAKUB,713,M,Dolnoslakie
2014,ANTONI,605,M,Dolnoslakie
2014,FILIP,586,M,Dolnoslakie
2014,KACPER,514,M,Dolnoslakie
2014,JAN,481,M,Dolnoslakie
2014,SZYMON,470,M,Dolnoslakie
2014,MICHAL,462,M,Dolnoslakie
2014,WOJCIECH,397,M,Dolnoslakie
2014,ALEKSANDER,373,M,Dolnoslakie
2014,ADAM,353,M,Dolnoslakie
2014,MIKOLAJ,348,M,Dolnoslakie
2014,LENA,733,K,Dolnoslakie
2014,JULIA,728,K,Dolnoslakie
2014,HANNA,719,K,Dolnoslakie
2014,ZUZANNA,675,K,Dolnoslakie
2014,MAJA,653,K,Dolnoslakie
2014,ZOFIA,509,K,Dolnoslakie
2014,ALEKSANDRA,439,K,Dolnoslakie
2014,AMELIA,431,K,Dolnoslakie
2014,NATALIA,408,K,Dolnoslakie
2014,OLIWIA,397,K,Dolnoslakie
2014,JAKUB,559,M,Kujawsko-pomorskie
2014,FILIP,427,M,Kujawsko-pomorskie
2014,KACPER,420,M,Kujawsko-pomorskie
2014,ANTONI,368,M,Kujawsko-pomorskie
2014,JAN,365,M,Kujawsko-pomorskie
2014,SZYMON,328,M,Kujawsko-pomorskie
2014,MARCEL,317,M,Kujawsko-pomorskie
2014,FRANCISZEK,307,M,Kujawsko-pomorskie
2014,ALEKSANDER,301,M,Kujawsko-pomorskie
2014,MIKOLAJ,300,M,Kujawsko-pomorskie
2014,IGOR,280,M,Kujawsko-pomorskie
2014,LENA,684,K,Kujawsko-pomorskie
2014,ZUZANNA,578,K,Kujawsko-pomorskie
2014,JULIA,568,K,Kujawsko-pomorskie
2014,MAJA,502,K,Kujawsko-pomorskie
2014,AMELIA,405,K,Kujawsko-pomorskie
2014,ZOFIA,402,K,Kujawsko-pomorskie
2014,ALICJA,332,K,Kujawsko-pomorskie
2014,WIKTORIA,327,K,Kujawsko-pomorskie
2014,OLIWIA,273,K,Kujawsko-pomorskie
2014,NADIA,269,K,Kujawsko-pomorskie
2014,JAKUB,506,M,Lubelskie
2014,SZYMON,443,M,Lubelskie
2014,KACPER,432,M,Lubelskie
2014,ANTONI,382,M,Lubelskie
2014,FILIP,376,M,Lubelskie
2014,MIKOLAJ,324,M,Lubelskie
2014,JAN,324,M,Lubelskie
2014,MICHAL,285,M,Lubelskie
2014,MARCEL,273,M,Lubelskie
2014,WOJCIECH,242,M,Lubelskie
2014,ADAM,241,M,Lubelskie
2014,ZUZANNA,529,K,Lubelskie
2014,LENA,527,K,Lubelskie
2014,JULIA,513,K,Lubelskie
2014,MAJA,440,K,Lubelskie
2014,HANNA,371,K,Lubelskie
2014,ALEKSANDRA,368,K,Lubelskie
2014,NATALIA,350,K,Lubelskie
2014,WIKTORIA,337,K,Lubelskie
2014,NIKOLA,323,K,Lubelskie
2014,ALICJA,321,K,Lubelskie
2014,JAKUB,247,M,Lubuskie
2014,ANTONI,205,M,Lubuskie
2014,SZYMON,198,M,Lubuskie
2014,FILIP,197,M,Lubuskie
2014,KACPER,193,M,Lubuskie
2014,WOJCIECH,155,M,Lubuskie
2014,MARCEL,143,M,Lubuskie
2014,MICHAL,142,M,Lubuskie
2014,JAN,141,M,Lubuskie
2014,ALEKSANDER,141,M,Lubuskie
2014,IGOR,119,M,Lubuskie
2014,LENA,329,K,Lubuskie
2014,HANNA,266,K,Lubuskie
2014,JULIA,261,K,Lubuskie
2014,MAJA,260,K,Lubuskie
2014,ZUZANNA,259,K,Lubuskie
2014,ZOFIA,182,K,Lubuskie
2014,OLIWIA,142,K,Lubuskie
2014,AMELIA,139,K,Lubuskie
2014,ALEKSANDRA,126,K,Lubuskie
2014,ALICJA,125,K,Lubuskie
2014,JAKUB,600,M,Lodzkie
2014,JAN,527,M,Lodzkie
2014,KACPER,513,M,Lodzkie
2014,ANTONI,504,M,Lodzkie
2014,FILIP,445,M,Lodzkie
2014,SZYMON,360,M,Lodzkie
2014,ADAM,360,M,Lodzkie
2014,FRANCISZEK,338,M,Lodzkie
2014,WOJCIECH,337,M,Lodzkie
2014,ALEKSANDER,333,M,Lodzkie
2014,MIKOLAJ,286,M,Lodzkie
2014,LENA,630,K,Lodzkie
2014,MAJA,616,K,Lodzkie
2014,JULIA,571,K,Lodzkie
2014,ZUZANNA,552,K,Lodzkie
2014,HANNA,499,K,Lodzkie
2014,AMELIA,410,K,Lodzkie
2014,ZOFIA,410,K,Lodzkie
2014,NATALIA,382,K,Lodzkie
2014,ALEKSANDRA,353,K,Lodzkie
2014,WIKTORIA,334,K,Lodzkie
2014,JAKUB,1026,M,Malopolskie
2014,FILIP,771,M,Malopolskie
2014,KACPER,762,M,Malopolskie
2014,JAN,746,M,Malopolskie
2014,SZYMON,727,M,Malopolskie
2014,ANTONI,725,M,Malopolskie
2014,MICHAL,529,M,Malopolskie
2014,MIKOLAJ,488,M,Malopolskie
2014,FRANCISZEK,485,M,Malopolskie
2014,KAROL,481,M,Malopolskie
2014,ADAM,481,M,Malopolskie
2014,JULIA,955,K,Malopolskie
2014,ZUZANNA,902,K,Malopolskie
2014,LENA,830,K,Malopolskie
2014,EMILIA,696,K,Malopolskie
2014,ALEKSANDRA,676,K,Malopolskie
2014,MAJA,658,K,Malopolskie
2014,NATALIA,589,K,Malopolskie
2014,ZOFIA,548,K,Malopolskie
2014,WIKTORIA,543,K,Malopolskie
2014,AMELIA,523,K,Malopolskie
2014,JAN,1524,M,Mazowieckie
2014,JAKUB,1482,M,Mazowieckie
2014,ANTONI,1401,M,Mazowieckie
2014,KACPER,1143,M,Mazowieckie
2014,ALEKSANDER,1088,M,Mazowieckie
2014,FILIP,1030,M,Mazowieckie
2014,FRANCISZEK,994,M,Mazowieckie
2014,SZYMON,973,M,Mazowieckie
2014,ADAM,958,M,Mazowieckie
2014,MIKOLAJ,871,M,Mazowieckie
2014,PIOTR,755,M,Mazowieckie
2014,LENA,1466,K,Mazowieckie
2014,ZUZANNA,1400,K,Mazowieckie
2014,JULIA,1313,K,Mazowieckie
2014,ZOFIA,1302,K,Mazowieckie
2014,MAJA,1241,K,Mazowieckie
2014,ALEKSANDRA,1099,K,Mazowieckie
2014,ALICJA,1074,K,Mazowieckie
2014,NATALIA,983,K,Mazowieckie
2014,HANNA,955,K,Mazowieckie
2014,AMELIA,932,K,Mazowieckie
2014,JAKUB,234,M,Opolskie
2014,MICHAL,173,M,Opolskie
2014,KACPER,166,M,Opolskie
2014,FILIP,162,M,Opolskie
2014,SZYMON,153,M,Opolskie
2014,ANTONI,147,M,Opolskie
2014,WOJCIECH,143,M,Opolskie
2014,JAN,138,M,Opolskie
2014,MATEUSZ,121,M,Opolskie
2014,ADAM,113,M,Opolskie
2014,FRANCISZEK,108,M,Opolskie
2014,LENA,280,K,Opolskie
2014,ZUZANNA,218,K,Opolskie
2014,MAJA,212,K,Opolskie
2014,JULIA,203,K,Opolskie
2014,HANNA,198,K,Opolskie
2014,ZOFIA,172,K,Opolskie
2014,AMELIA,148,K,Opolskie
2014,MILENA,126,K,Opolskie
2014,NATALIA,126,K,Opolskie
2014,EMILIA,122,K,Opolskie
2014,JAKUB,655,M,Podkarpackie
2014,KACPER,517,M,Podkarpackie
2014,SZYMON,482,M,Podkarpackie
2014,FILIP,451,M,Podkarpackie
2014,ANTONI,412,M,Podkarpackie
2014,MICHAL,368,M,Podkarpackie
2014,KAROL,302,M,Podkarpackie
2014,MIKOLAJ,300,M,Podkarpackie
2014,JAN,259,M,Podkarpackie
2014,MILOSZ,245,M,Podkarpackie
2014,FRANCISZEK,240,M,Podkarpackie
2014,LENA,609,K,Podkarpackie
2014,JULIA,560,K,Podkarpackie
2014,ZUZANNA,523,K,Podkarpackie
2014,MAJA,516,K,Podkarpackie
2014,ALEKSANDRA,444,K,Podkarpackie
2014,EMILIA,426,K,Podkarpackie
2014,WIKTORIA,360,K,Podkarpackie
2014,MILENA,349,K,Podkarpackie
2014,AMELIA,347,K,Podkarpackie
2014,NIKOLA,305,K,Podkarpackie
2014,JAKUB,340,M,Podlaskie
2014,KACPER,261,M,Podlaskie
2014,FILIP,227,M,Podlaskie
2014,SZYMON,225,M,Podlaskie
2014,PIOTR,217,M,Podlaskie
2014,JAN,203,M,Podlaskie
2014,MICHAL,199,M,Podlaskie
2014,MATEUSZ,198,M,Podlaskie
2014,ADAM,193,M,Podlaskie
2014,BARTOSZ,174,M,Podlaskie
2014,ANTONI,171,M,Podlaskie
2014,LENA,302,K,Podlaskie
2014,JULIA,301,K,Podlaskie
2014,ZUZANNA,297,K,Podlaskie
2014,ALEKSANDRA,289,K,Podlaskie
2014,MAJA,243,K,Podlaskie
2014,WIKTORIA,223,K,Podlaskie
2014,ZOFIA,218,K,Podlaskie
2014,NATALIA,205,K,Podlaskie
2014,AMELIA,194,K,Podlaskie
2014,HANNA,176,K,Podlaskie
2014,JAKUB,575,M,Pomorskie
2014,JAN,502,M,Pomorskie
2014,KACPER,486,M,Pomorskie
2014,FILIP,458,M,Pomorskie
2014,ANTONI,397,M,Pomorskie
2014,FRANCISZEK,370,M,Pomorskie
2014,SZYMON,366,M,Pomorskie
2014,ALEKSANDER,361,M,Pomorskie
2014,MIKOLAJ,313,M,Pomorskie
2014,MICHAL,309,M,Pomorskie
2014,IGOR,309,M,Pomorskie
2014,ZUZANNA,649,K,Pomorskie
2014,LENA,643,K,Pomorskie
2014,JULIA,608,K,Pomorskie
2014,MAJA,544,K,Pomorskie
2014,ZOFIA,509,K,Pomorskie
2014,AMELIA,429,K,Pomorskie
2014,HANNA,352,K,Pomorskie
2014,NATALIA,345,K,Pomorskie
2014,ALEKSANDRA,329,K,Pomorskie
2014,OLIWIA,323,K,Pomorskie
2014,JAKUB,1288,M,Slaskie
2014,KACPER,932,M,Slaskie
2014,FILIP,884,M,Slaskie
2014,SZYMON,722,M,Slaskie
2014,WOJCIECH,693,M,Slaskie
2014,JAN,678,M,Slaskie
2014,ANTONI,649,M,Slaskie
2014,MATEUSZ,592,M,Slaskie
2014,MICHAL,576,M,Slaskie
2014,FRANCISZEK,552,M,Slaskie
2014,ADAM,548,M,Slaskie
2014,LENA,1155,K,Slaskie
2014,ZUZANNA,1060,K,Slaskie
2014,JULIA,1049,K,Slaskie
2014,MAJA,999,K,Slaskie
2014,HANNA,882,K,Slaskie
2014,EMILIA,777,K,Slaskie
2014,NATALIA,772,K,Slaskie
2014,ZOFIA,768,K,Slaskie
2014,AMELIA,719,K,Slaskie
2014,ALICJA,652,K,Slaskie
2014,JAKUB,307,M,Swietokrzyskie
2014,ANTONI,260,M,Swietokrzyskie
2014,KACPER,253,M,Swietokrzyskie
2014,FILIP,241,M,Swietokrzyskie
2014,JAN,206,M,Swietokrzyskie
2014,PIOTR,167,M,Swietokrzyskie
2014,MIKOLAJ,164,M,Swietokrzyskie
2014,WOJCIECH,156,M,Swietokrzyskie
2014,ADAM,153,M,Swietokrzyskie
2014,WIKTOR,145,M,Swietokrzyskie
2014,ALEKSANDER,140,M,Swietokrzyskie
2014,LENA,379,K,Swietokrzyskie
2014,JULIA,302,K,Swietokrzyskie
2014,MAJA,267,K,Swietokrzyskie
2014,ZUZANNA,262,K,Swietokrzyskie
2014,NATALIA,235,K,Swietokrzyskie
2014,AMELIA,210,K,Swietokrzyskie
2014,ALEKSANDRA,198,K,Swietokrzyskie
2014,NIKOLA,189,K,Swietokrzyskie
2014,ZOFIA,156,K,Swietokrzyskie
2014,WIKTORIA,155,K,Swietokrzyskie
2014,JAKUB,352,M,Warminsko-mazurskie
2014,KACPER,331,M,Warminsko-mazurskie
2014,FILIP,295,M,Warminsko-mazurskie
2014,ANTONI,293,M,Warminsko-mazurskie
2014,ALEKSANDER,278,M,Warminsko-mazurskie
2014,SZYMON,236,M,Warminsko-mazurskie
2014,JAN,209,M,Warminsko-mazurskie
2014,MICHAL,208,M,Warminsko-mazurskie
2014,MARCEL,205,M,Warminsko-mazurskie
2014,WOJCIECH,197,M,Warminsko-mazurskie
2014,PIOTR,194,M,Warminsko-mazurskie
2014,LENA,489,K,Warminsko-mazurskie
2014,ZUZANNA,384,K,Warminsko-mazurskie
2014,JULIA,375,K,Warminsko-mazurskie
2014,MAJA,373,K,Warminsko-mazurskie
2014,HANNA,315,K,Warminsko-mazurskie
2014,ZOFIA,306,K,Warminsko-mazurskie
2014,AMELIA,241,K,Warminsko-mazurskie
2014,ALEKSANDRA,232,K,Warminsko-mazurskie
2014,OLIWIA,219,K,Warminsko-mazurskie
2014,NIKOLA,213,K,Warminsko-mazurskie
2014,JAKUB,876,M,Wielkopolskie
2014,ANTONI,847,M,Wielkopolskie
2014,JAN,785,M,Wielkopolskie
2014,WOJCIECH,763,M,Wielkopolskie
2014,FILIP,757,M,Wielkopolskie
2014,FRANCISZEK,746,M,Wielkopolskie
2014,KACPER,679,M,Wielkopolskie
2014,ADAM,573,M,Wielkopolskie
2014,MARCEL,511,M,Wielkopolskie
2014,ALEKSANDER,496,M,Wielkopolskie
2014,MIKOLAJ,493,M,Wielkopolskie
2014,LENA,1042,K,Wielkopolskie
2014,JULIA,881,K,Wielkopolskie
2014,ZUZANNA,877,K,Wielkopolskie
2014,ZOFIA,857,K,Wielkopolskie
2014,MAJA,842,K,Wielkopolskie
2014,HANNA,627,K,Wielkopolskie
2014,ALEKSANDRA,611,K,Wielkopolskie
2014,AMELIA,594,K,Wielkopolskie
2014,OLIWIA,537,K,Wielkopolskie
2014,MARIA,529,K,Wielkopolskie
2014,JAKUB,405,M,Zachodniopomorskie
2014,ANTONI,349,M,Zachodniopomorskie
2014,FILIP,333,M,Zachodniopomorskie
2014,JAN,279,M,Zachodniopomorskie
2014,KACPER,275,M,Zachodniopomorskie
2014,ALEKSANDER,262,M,Zachodniopomorskie
2014,MICHAL,259,M,Zachodniopomorskie
2014,MARCEL,225,M,Zachodniopomorskie
2014,SZYMON,220,M,Zachodniopomorskie
2014,ADAM,217,M,Zachodniopomorskie
2014,MIKOLAJ,209,M,Zachodniopomorskie
2014,HANNA,486,K,Zachodniopomorskie
2014,MAJA,476,K,Zachodniopomorskie
2014,LENA,472,K,Zachodniopomorskie
2014,JULIA,415,K,Zachodniopomorskie
2014,ZUZANNA,401,K,Zachodniopomorskie
2014,ZOFIA,312,K,Zachodniopomorskie
2014,AMELIA,269,K,Zachodniopomorskie
2014,ALEKSANDRA,229,K,Zachodniopomorskie
2014,WIKTORIA,216,K,Zachodniopomorskie
2014,NATALIA,215,K,Zachodniopomorskie
2015,JAKUB,641,M,Dolnoslakie
2015,ANTONI,573,M,Dolnoslakie
2015,FILIP,517,M,Dolnoslakie
2015,JAN,516,M,Dolnoslakie
2015,SZYMON,510,M,Dolnoslakie
2015,KACPER,482,M,Dolnoslakie
2015,MICHAL,437,M,Dolnoslakie
2015,MIKOLAJ,422,M,Dolnoslakie
2015,WOJCIECH,403,M,Dolnoslakie
2015,ALEKSANDER,380,M,Dolnoslakie
2015,ADAM,358,M,Dolnoslakie
2015,HANNA,723,K,Dolnoslakie
2015,ZUZANNA,677,K,Dolnoslakie
2015,LENA,631,K,Dolnoslakie
2015,JULIA,629,K,Dolnoslakie
2015,MAJA,617,K,Dolnoslakie
2015,ZOFIA,520,K,Dolnoslakie
2015,AMELIA,454,K,Dolnoslakie
2015,ALEKSANDRA,404,K,Dolnoslakie
2015,ALICJA,399,K,Dolnoslakie
2015,NATALIA,363,K,Dolnoslakie
2015,JAKUB,467,M,Kujawsko-pomorskie
2015,ANTONI,402,M,Kujawsko-pomorskie
2015,SZYMON,400,M,Kujawsko-pomorskie
2015,FILIP,383,M,Kujawsko-pomorskie
2015,JAN,356,M,Kujawsko-pomorskie
2015,KACPER,345,M,Kujawsko-pomorskie
2015,FRANCISZEK,323,M,Kujawsko-pomorskie
2015,ALEKSANDER,323,M,Kujawsko-pomorskie
2015,MIKOLAJ,304,M,Kujawsko-pomorskie
2015,ADAM,279,M,Kujawsko-pomorskie
2015,WOJCIECH,259,M,Kujawsko-pomorskie
2015,LENA,573,K,Kujawsko-pomorskie
2015,ZUZANNA,540,K,Kujawsko-pomorskie
2015,MAJA,516,K,Kujawsko-pomorskie
2015,JULIA,463,K,Kujawsko-pomorskie
2015,ZOFIA,446,K,Kujawsko-pomorskie
2015,AMELIA,403,K,Kujawsko-pomorskie
2015,ALICJA,318,K,Kujawsko-pomorskie
2015,OLIWIA,273,K,Kujawsko-pomorskie
2015,WIKTORIA,257,K,Kujawsko-pomorskie
2015,ALEKSANDRA,248,K,Kujawsko-pomorskie
2015,SZYMON,514,M,Lubelskie
2015,JAKUB,484,M,Lubelskie
2015,ANTONI,440,M,Lubelskie
2015,KACPER,386,M,Lubelskie
2015,FILIP,350,M,Lubelskie
2015,JAN,316,M,Lubelskie
2015,MIKOLAJ,315,M,Lubelskie
2015,MICHAL,304,M,Lubelskie
2015,MARCEL,289,M,Lubelskie
2015,WOJCIECH,287,M,Lubelskie
2015,ALEKSANDER,244,M,Lubelskie
2015,ZUZANNA,518,K,Lubelskie
2015,LENA,479,K,Lubelskie
2015,JULIA,470,K,Lubelskie
2015,MAJA,424,K,Lubelskie
2015,HANNA,401,K,Lubelskie
2015,ALEKSANDRA,370,K,Lubelskie
2015,ZOFIA,346,K,Lubelskie
2015,ALICJA,337,K,Lubelskie
2015,AMELIA,331,K,Lubelskie
2015,NATALIA,304,K,Lubelskie
2015,JAKUB,234,M,Lubuskie
2015,SZYMON,201,M,Lubuskie
2015,ANTONI,194,M,Lubuskie
2015,FILIP,182,M,Lubuskie
2015,WOJCIECH,166,M,Lubuskie
2015,JAN,166,M,Lubuskie
2015,KACPER,165,M,Lubuskie
2015,MICHAL,151,M,Lubuskie
2015,ALEKSANDER,145,M,Lubuskie
2015,MARCEL,131,M,Lubuskie
2015,FRANCISZEK,126,M,Lubuskie
2015,HANNA,254,K,Lubuskie
2015,MAJA,252,K,Lubuskie
2015,LENA,252,K,Lubuskie
2015,JULIA,251,K,Lubuskie
2015,ZUZANNA,243,K,Lubuskie
2015,ZOFIA,174,K,Lubuskie
2015,AMELIA,174,K,Lubuskie
2015,ALEKSANDRA,135,K,Lubuskie
2015,ALICJA,114,K,Lubuskie
2015,NADIA,110,K,Lubuskie
2015,JAKUB,585,M,Lodzkie
2015,ANTONI,545,M,Lodzkie
2015,JAN,497,M,Lodzkie
2015,SZYMON,453,M,Lodzkie
2015,KACPER,442,M,Lodzkie
2015,FILIP,417,M,Lodzkie
2015,ALEKSANDER,415,M,Lodzkie
2015,WOJCIECH,349,M,Lodzkie
2015,ADAM,347,M,Lodzkie
2015,FRANCISZEK,322,M,Lodzkie
2015,MIKOLAJ,319,M,Lodzkie
2015,JULIA,586,K,Lodzkie
2015,LENA,569,K,Lodzkie
2015,ZUZANNA,567,K,Lodzkie
2015,MAJA,550,K,Lodzkie
2015,HANNA,444,K,Lodzkie
2015,AMELIA,439,K,Lodzkie
2015,ZOFIA,436,K,Lodzkie
2015,NATALIA,366,K,Lodzkie
2015,OLIWIA,350,K,Lodzkie
2015,ALICJA,342,K,Lodzkie
2015,JAKUB,966,M,Malopolskie
2015,SZYMON,818,M,Malopolskie
2015,ANTONI,786,M,Malopolskie
2015,FILIP,736,M,Malopolskie
2015,JAN,710,M,Malopolskie
2015,KACPER,692,M,Malopolskie
2015,FRANCISZEK,553,M,Malopolskie
2015,MIKOLAJ,527,M,Malopolskie
2015,WOJCIECH,517,M,Malopolskie
2015,ADAM,517,M,Malopolskie
2015,MICHAL,513,M,Malopolskie
2015,JULIA,890,K,Malopolskie
2015,ZUZANNA,859,K,Malopolskie
2015,LENA,822,K,Malopolskie
2015,ZOFIA,688,K,Malopolskie
2015,ALEKSANDRA,679,K,Malopolskie
2015,MAJA,679,K,Malopolskie
2015,EMILIA,675,K,Malopolskie
2015,AMELIA,638,K,Malopolskie
2015,HANNA,556,K,Malopolskie
2015,WIKTORIA,538,K,Malopolskie
2015,JAN,1574,M,Mazowieckie
2015,ANTONI,1519,M,Mazowieckie
2015,JAKUB,1310,M,Mazowieckie
2015,ALEKSANDER,1131,M,Mazowieckie
2015,SZYMON,1087,M,Mazowieckie
2015,FILIP,1027,M,Mazowieckie
2015,FRANCISZEK,976,M,Mazowieckie
2015,ADAM,964,M,Mazowieckie
2015,KACPER,956,M,Mazowieckie
2015,MIKOLAJ,921,M,Mazowieckie
2015,WOJCIECH,808,M,Mazowieckie
2015,ZUZANNA,1425,K,Mazowieckie
2015,ZOFIA,1388,K,Mazowieckie
2015,JULIA,1291,K,Mazowieckie
2015,MAJA,1261,K,Mazowieckie
2015,LENA,1220,K,Mazowieckie
2015,ALICJA,1148,K,Mazowieckie
2015,AMELIA,1047,K,Mazowieckie
2015,HANNA,998,K,Mazowieckie
2015,ALEKSANDRA,990,K,Mazowieckie
2015,NATALIA,898,K,Mazowieckie
2015,JAKUB,211,M,Opolskie
2015,SZYMON,188,M,Opolskie
2015,ANTONI,188,M,Opolskie
2015,FILIP,175,M,Opolskie
2015,ADAM,150,M,Opolskie
2015,MICHAL,147,M,Opolskie
2015,JAN,140,M,Opolskie
2015,KACPER,139,M,Opolskie
2015,WOJCIECH,123,M,Opolskie
2015,MIKOLAJ,110,M,Opolskie
2015,FRANCISZEK,110,M,Opolskie
2015,LENA,231,K,Opolskie
2015,HANNA,225,K,Opolskie
2015,MAJA,219,K,Opolskie
2015,JULIA,218,K,Opolskie
2015,ZUZANNA,171,K,Opolskie
2015,AMELIA,161,K,Opolskie
2015,ZOFIA,149,K,Opolskie
2015,EMILIA,131,K,Opolskie
2015,WIKTORIA,113,K,Opolskie
2015,NATALIA,110,K,Opolskie
2015,SZYMON,595,M,Podkarpackie
2015,JAKUB,546,M,Podkarpackie
2015,KACPER,447,M,Podkarpackie
2015,ANTONI,445,M,Podkarpackie
2015,FILIP,428,M,Podkarpackie
2015,MICHAL,360,M,Podkarpackie
2015,JAN,333,M,Podkarpackie
2015,MIKOLAJ,324,M,Podkarpackie
2015,KAROL,275,M,Podkarpackie
2015,FRANCISZEK,270,M,Podkarpackie
2015,ALEKSANDER,265,M,Podkarpackie
2015,ZUZANNA,593,K,Podkarpackie
2015,JULIA,581,K,Podkarpackie
2015,LENA,527,K,Podkarpackie
2015,MAJA,435,K,Podkarpackie
2015,EMILIA,427,K,Podkarpackie
2015,MILENA,411,K,Podkarpackie
2015,ALEKSANDRA,405,K,Podkarpackie
2015,AMELIA,373,K,Podkarpackie
2015,WIKTORIA,322,K,Podkarpackie
2015,HANNA,316,K,Podkarpackie
2015,KACPER,255,M,Podlaskie
2015,JAKUB,251,M,Podlaskie
2015,SZYMON,248,M,Podlaskie
2015,ALEKSANDER,214,M,Podlaskie
2015,JAN,212,M,Podlaskie
2015,FILIP,194,M,Podlaskie
2015,MICHAL,192,M,Podlaskie
2015,ANTONI,185,M,Podlaskie
2015,BARTOSZ,172,M,Podlaskie
2015,MIKOLAJ,160,M,Podlaskie
2015,PIOTR,155,M,Podlaskie
2015,ZUZANNA,294,K,Podlaskie
2015,JULIA,290,K,Podlaskie
2015,LENA,275,K,Podlaskie
2015,MAJA,264,K,Podlaskie
2015,ALEKSANDRA,263,K,Podlaskie
2015,AMELIA,244,K,Podlaskie
2015,HANNA,234,K,Podlaskie
2015,ZOFIA,221,K,Podlaskie
2015,NATALIA,207,K,Podlaskie
2015,WIKTORIA,201,K,Podlaskie
2015,JAKUB,553,M,Pomorskie
2015,JAN,530,M,Pomorskie
2015,SZYMON,467,M,Pomorskie
2015,ANTONI,433,M,Pomorskie
2015,FILIP,415,M,Pomorskie
2015,ALEKSANDER,397,M,Pomorskie
2015,KACPER,382,M,Pomorskie
2015,FRANCISZEK,374,M,Pomorskie
2015,MIKOLAJ,352,M,Pomorskie
2015,NIKODEM,337,M,Pomorskie
2015,MICHAL,310,M,Pomorskie
2015,ZUZANNA,587,K,Pomorskie
2015,JULIA,549,K,Pomorskie
2015,LENA,544,K,Pomorskie
2015,MAJA,528,K,Pomorskie
2015,ZOFIA,469,K,Pomorskie
2015,AMELIA,425,K,Pomorskie
2015,HANNA,408,K,Pomorskie
2015,OLIWIA,316,K,Pomorskie
2015,ALICJA,307,K,Pomorskie
2015,WIKTORIA,302,K,Pomorskie
2015,JAKUB,1073,M,Slaskie
2015,FILIP,897,M,Slaskie
2015,SZYMON,848,M,Slaskie
2015,KACPER,787,M,Slaskie
2015,ANTONI,743,M,Slaskie
2015,WOJCIECH,718,M,Slaskie
2015,JAN,679,M,Slaskie
2015,FRANCISZEK,606,M,Slaskie
2015,ADAM,596,M,Slaskie
2015,MIKOLAJ,588,M,Slaskie
2015,MICHAL,549,M,Slaskie
2015,ZUZANNA,1109,K,Slaskie
2015,JULIA,1057,K,Slaskie
2015,LENA,1002,K,Slaskie
2015,MAJA,974,K,Slaskie
2015,HANNA,898,K,Slaskie
2015,AMELIA,831,K,Slaskie
2015,ZOFIA,795,K,Slaskie
2015,EMILIA,764,K,Slaskie
2015,NATALIA,704,K,Slaskie
2015,ALICJA,687,K,Slaskie
2015,JAKUB,284,M,Swietokrzyskie
2015,ANTONI,272,M,Swietokrzyskie
2015,FILIP,238,M,Swietokrzyskie
2015,KACPER,232,M,Swietokrzyskie
2015,JAN,186,M,Swietokrzyskie
2015,ADAM,182,M,Swietokrzyskie
2015,MIKOLAJ,179,M,Swietokrzyskie
2015,SZYMON,168,M,Swietokrzyskie
2015,WIKTOR,164,M,Swietokrzyskie
2015,ALEKSANDER,158,M,Swietokrzyskie
2015,WOJCIECH,155,M,Swietokrzyskie
2015,LENA,325,K,Swietokrzyskie
2015,JULIA,314,K,Swietokrzyskie
2015,ZUZANNA,277,K,Swietokrzyskie
2015,MAJA,258,K,Swietokrzyskie
2015,AMELIA,225,K,Swietokrzyskie
2015,NATALIA,200,K,Swietokrzyskie
2015,ALEKSANDRA,195,K,Swietokrzyskie
2015,HANNA,184,K,Swietokrzyskie
2015,ZOFIA,184,K,Swietokrzyskie
2015,ALICJA,175,K,Swietokrzyskie
2015,JAKUB,340,M,Warminsko-mazurskie
2015,SZYMON,279,M,Warminsko-mazurskie
2015,ALEKSANDER,274,M,Warminsko-mazurskie
2015,ANTONI,272,M,Warminsko-mazurskie
2015,FILIP,257,M,Warminsko-mazurskie
2015,JAN,231,M,Warminsko-mazurskie
2015,KACPER,230,M,Warminsko-mazurskie
2015,MARCEL,208,M,Warminsko-mazurskie
2015,MIKOLAJ,206,M,Warminsko-mazurskie
2015,ADAM,200,M,Warminsko-mazurskie
2015,FRANCISZEK,193,M,Warminsko-mazurskie
2015,LENA,415,K,Warminsko-mazurskie
2015,ZUZANNA,392,K,Warminsko-mazurskie
2015,MAJA,322,K,Warminsko-mazurskie
2015,JULIA,318,K,Warminsko-mazurskie
2015,HANNA,308,K,Warminsko-mazurskie
2015,ZOFIA,291,K,Warminsko-mazurskie
2015,AMELIA,262,K,Warminsko-mazurskie
2015,ALICJA,220,K,Warminsko-mazurskie
2015,ALEKSANDRA,201,K,Warminsko-mazurskie
2015,OLIWIA,193,K,Warminsko-mazurskie
2015,ANTONI,895,M,Wielkopolskie
2015,JAKUB,810,M,Wielkopolskie
2015,JAN,810,M,Wielkopolskie
2015,FRANCISZEK,793,M,Wielkopolskie
2015,WOJCIECH,750,M,Wielkopolskie
2015,FILIP,670,M,Wielkopolskie
2015,SZYMON,639,M,Wielkopolskie
2015,KACPER,596,M,Wielkopolskie
2015,ADAM,579,M,Wielkopolskie
2015,MIKOLAJ,567,M,Wielkopolskie
2015,ALEKSANDER,554,M,Wielkopolskie
2015,LENA,921,K,Wielkopolskie
2015,ZOFIA,888,K,Wielkopolskie
2015,ZUZANNA,864,K,Wielkopolskie
2015,MAJA,817,K,Wielkopolskie
2015,JULIA,817,K,Wielkopolskie
2015,AMELIA,681,K,Wielkopolskie
2015,HANNA,622,K,Wielkopolskie
2015,MARIA,526,K,Wielkopolskie
2015,ALEKSANDRA,504,K,Wielkopolskie
2015,GABRIELA,481,K,Wielkopolskie
2015,ANTONI,383,M,Zachodniopomorskie
2015,JAKUB,379,M,Zachodniopomorskie
2015,SZYMON,314,M,Zachodniopomorskie
2015,FILIP,306,M,Zachodniopomorskie
2015,KACPER,290,M,Zachodniopomorskie
2015,JAN,290,M,Zachodniopomorskie
2015,ALEKSANDER,266,M,Zachodniopomorskie
2015,WOJCIECH,225,M,Zachodniopomorskie
2015,FRANCISZEK,224,M,Zachodniopomorskie
2015,MICHAL,223,M,Zachodniopomorskie
2015,MARCEL,213,M,Zachodniopomorskie
2015,HANNA,461,K,Zachodniopomorskie
2015,LENA,445,K,Zachodniopomorskie
2015,JULIA,417,K,Zachodniopomorskie
2015,ZUZANNA,392,K,Zachodniopomorskie
2015,MAJA,387,K,Zachodniopomorskie
2015,AMELIA,305,K,Zachodniopomorskie
2015,ZOFIA,292,K,Zachodniopomorskie
2015,ALEKSANDRA,235,K,Zachodniopomorskie
2015,ALICJA,213,K,Zachodniopomorskie
2015,NADIA,205,K,Zachodniopomorskie
2016,JAKUB,680,M,Dolnoslakie
2016,ANTONI,649,M,Dolnoslakie
2016,SZYMON,592,M,Dolnoslakie
2016,FILIP,549,M,Dolnoslakie
2016,JAN,486,M,Dolnoslakie
2016,ALEKSANDER,457,M,Dolnoslakie
2016,MICHAL,447,M,Dolnoslakie
2016,MIKOLAJ,443,M,Dolnoslakie
2016,KACPER,431,M,Dolnoslakie
2016,WOJCIECH,414,M,Dolnoslakie
2016,FRANCISZEK,397,M,Dolnoslakie
2016,HANNA,746,K,Dolnoslakie
2016,JULIA,695,K,Dolnoslakie
2016,ZUZANNA,647,K,Dolnoslakie
2016,MAJA,633,K,Dolnoslakie
2016,LENA,580,K,Dolnoslakie
2016,ZOFIA,580,K,Dolnoslakie
2016,AMELIA,467,K,Dolnoslakie
2016,ALEKSANDRA,420,K,Dolnoslakie
2016,ALICJA,411,K,Dolnoslakie
2016,NATALIA,351,K,Dolnoslakie
2016,SZYMON,465,M,Kujawsko-pomorskie
2016,ANTONI,456,M,Kujawsko-pomorskie
2016,JAKUB,454,M,Kujawsko-pomorskie
2016,JAN,381,M,Kujawsko-pomorskie
2016,FRANCISZEK,371,M,Kujawsko-pomorskie
2016,ALEKSANDER,364,M,Kujawsko-pomorskie
2016,MIKOLAJ,362,M,Kujawsko-pomorskie
2016,FILIP,343,M,Kujawsko-pomorskie
2016,KACPER,329,M,Kujawsko-pomorskie
2016,ADAM,309,M,Kujawsko-pomorskie
2016,WOJCIECH,300,M,Kujawsko-pomorskie
2016,LENA,530,K,Kujawsko-pomorskie
2016,ZUZANNA,511,K,Kujawsko-pomorskie
2016,MAJA,504,K,Kujawsko-pomorskie
2016,JULIA,481,K,Kujawsko-pomorskie
2016,ZOFIA,444,K,Kujawsko-pomorskie
2016,AMELIA,407,K,Kujawsko-pomorskie
2016,ALICJA,351,K,Kujawsko-pomorskie
2016,OLIWIA,283,K,Kujawsko-pomorskie
2016,HANNA,282,K,Kujawsko-pomorskie
2016,NADIA,249,K,Kujawsko-pomorskie
2016,SZYMON,557,M,Lubelskie
2016,ANTONI,477,M,Lubelskie
2016,JAKUB,452,M,Lubelskie
2016,MIKOLAJ,389,M,Lubelskie
2016,KACPER,381,M,Lubelskie
2016,JAN,327,M,Lubelskie
2016,WOJCIECH,312,M,Lubelskie
2016,FILIP,312,M,Lubelskie
2016,ALEKSANDER,308,M,Lubelskie
2016,FRANCISZEK,289,M,Lubelskie
2016,MICHAL,280,M,Lubelskie
2016,LENA,478,K,Lubelskie
2016,ZUZANNA,472,K,Lubelskie
2016,MAJA,463,K,Lubelskie
2016,JULIA,458,K,Lubelskie
2016,HANNA,453,K,Lubelskie
2016,AMELIA,359,K,Lubelskie
2016,ALICJA,350,K,Lubelskie
2016,ZOFIA,344,K,Lubelskie
2016,ALEKSANDRA,335,K,Lubelskie
2016,NATALIA,308,K,Lubelskie
2016,ANTONI,265,M,Lubuskie
2016,SZYMON,221,M,Lubuskie
2016,JAKUB,206,M,Lubuskie
2016,JAN,191,M,Lubuskie
2016,MIKOLAJ,175,M,Lubuskie
2016,FILIP,174,M,Lubuskie
2016,WOJCIECH,162,M,Lubuskie
2016,FRANCISZEK,146,M,Lubuskie
2016,KACPER,144,M,Lubuskie
2016,ALEKSANDER,143,M,Lubuskie
2016,MICHAL,124,M,Lubuskie
2016,HANNA,286,K,Lubuskie
2016,MAJA,264,K,Lubuskie
2016,ZUZANNA,247,K,Lubuskie
2016,JULIA,227,K,Lubuskie
2016,LENA,221,K,Lubuskie
2016,ZOFIA,197,K,Lubuskie
2016,AMELIA,174,K,Lubuskie
2016,OLIWIA,130,K,Lubuskie
2016,ANTONINA,118,K,Lubuskie
2016,LAURA,117,K,Lubuskie
2016,ANTONI,646,M,Lodzkie
2016,JAKUB,568,M,Lodzkie
2016,JAN,520,M,Lodzkie
2016,ALEKSANDER,471,M,Lodzkie
2016,SZYMON,470,M,Lodzkie
2016,FILIP,437,M,Lodzkie
2016,WOJCIECH,428,M,Lodzkie
2016,KACPER,396,M,Lodzkie
2016,FRANCISZEK,386,M,Lodzkie
2016,ADAM,379,M,Lodzkie
2016,MIKOLAJ,370,M,Lodzkie
2016,HANNA,564,K,Lodzkie
2016,ZUZANNA,559,K,Lodzkie
2016,JULIA,552,K,Lodzkie
2016,LENA,539,K,Lodzkie
2016,MAJA,516,K,Lodzkie
2016,ZOFIA,466,K,Lodzkie
2016,AMELIA,445,K,Lodzkie
2016,ALICJA,378,K,Lodzkie
2016,NATALIA,360,K,Lodzkie
2016,MARIA,336,K,Lodzkie
2016,JAKUB,1015,M,Malopolskie
2016,SZYMON,883,M,Malopolskie
2016,ANTONI,880,M,Malopolskie
2016,JAN,799,M,Malopolskie
2016,FILIP,694,M,Malopolskie
2016,KACPER,662,M,Malopolskie
2016,FRANCISZEK,634,M,Malopolskie
2016,MIKOLAJ,627,M,Malopolskie
2016,WOJCIECH,556,M,Malopolskie
2016,MICHAL,509,M,Malopolskie
2016,ADAM,502,M,Malopolskie
2016,JULIA,952,K,Malopolskie
2016,ZUZANNA,891,K,Malopolskie
2016,LENA,788,K,Malopolskie
2016,EMILIA,757,K,Malopolskie
2016,MAJA,729,K,Malopolskie
2016,ALEKSANDRA,652,K,Malopolskie
2016,ZOFIA,640,K,Malopolskie
2016,AMELIA,619,K,Malopolskie
2016,HANNA,600,K,Malopolskie
2016,ALICJA,524,K,Malopolskie
2016,ANTONI,1613,M,Mazowieckie
2016,JAN,1602,M,Mazowieckie
2016,JAKUB,1360,M,Mazowieckie
2016,ALEKSANDER,1279,M,Mazowieckie
2016,SZYMON,1219,M,Mazowieckie
2016,FRANCISZEK,1179,M,Mazowieckie
2016,MIKOLAJ,1035,M,Mazowieckie
2016,FILIP,993,M,Mazowieckie
2016,ADAM,950,M,Mazowieckie
2016,WOJCIECH,912,M,Mazowieckie
2016,KACPER,897,M,Mazowieckie
2016,ZOFIA,1382,K,Mazowieckie
2016,JULIA,1370,K,Mazowieckie
2016,ZUZANNA,1326,K,Mazowieckie
2016,MAJA,1271,K,Mazowieckie
2016,HANNA,1161,K,Mazowieckie
2016,ALICJA,1156,K,Mazowieckie
2016,LENA,1145,K,Mazowieckie
2016,AMELIA,1004,K,Mazowieckie
2016,ALEKSANDRA,944,K,Mazowieckie
2016,NATALIA,903,K,Mazowieckie
2016,JAKUB,219,M,Opolskie
2016,ANTONI,209,M,Opolskie
2016,SZYMON,205,M,Opolskie
2016,FILIP,177,M,Opolskie
2016,FRANCISZEK,162,M,Opolskie
2016,WOJCIECH,136,M,Opolskie
2016,KACPER,132,M,Opolskie
2016,MIKOLAJ,131,M,Opolskie
2016,ADAM,130,M,Opolskie
2016,MICHAL,128,M,Opolskie
2016,ALEKSANDER,125,M,Opolskie
2016,HANNA,238,K,Opolskie
2016,LENA,230,K,Opolskie
2016,JULIA,207,K,Opolskie
2016,ZUZANNA,196,K,Opolskie
2016,MAJA,183,K,Opolskie
2016,AMELIA,178,K,Opolskie
2016,ZOFIA,159,K,Opolskie
2016,EMILIA,147,K,Opolskie
2016,NATALIA,117,K,Opolskie
2016,MILENA,113,K,Opolskie
2016,SZYMON,617,M,Podkarpackie
2016,JAKUB,597,M,Podkarpackie
2016,ANTONI,518,M,Podkarpackie
2016,KACPER,412,M,Podkarpackie
2016,FILIP,405,M,Podkarpackie
2016,MIKOLAJ,392,M,Podkarpackie
2016,JAN,372,M,Podkarpackie
2016,FRANCISZEK,341,M,Podkarpackie
2016,MICHAL,325,M,Podkarpackie
2016,ALEKSANDER,291,M,Podkarpackie
2016,ADAM,260,M,Podkarpackie
2016,ZUZANNA,566,K,Podkarpackie
2016,JULIA,533,K,Podkarpackie
2016,LENA,532,K,Podkarpackie
2016,MAJA,484,K,Podkarpackie
2016,ALEKSANDRA,431,K,Podkarpackie
2016,EMILIA,423,K,Podkarpackie
2016,HANNA,376,K,Podkarpackie
2016,MILENA,369,K,Podkarpackie
2016,ZOFIA,352,K,Podkarpackie
2016,AMELIA,351,K,Podkarpackie
2016,JAKUB,306,M,Podlaskie
2016,SZYMON,291,M,Podlaskie
2016,ANTONI,249,M,Podlaskie
2016,ALEKSANDER,216,M,Podlaskie
2016,FILIP,211,M,Podlaskie
2016,MICHAL,208,M,Podlaskie
2016,KACPER,207,M,Podlaskie
2016,JAN,201,M,Podlaskie
2016,ADAM,173,M,Podlaskie
2016,FRANCISZEK,172,M,Podlaskie
2016,PIOTR,172,M,Podlaskie
2016,ZUZANNA,311,K,Podlaskie
2016,JULIA,308,K,Podlaskie
2016,HANNA,279,K,Podlaskie
2016,AMELIA,260,K,Podlaskie
2016,ALEKSANDRA,254,K,Podlaskie
2016,LENA,246,K,Podlaskie
2016,MAJA,238,K,Podlaskie
2016,ZOFIA,238,K,Podlaskie
2016,NATALIA,208,K,Podlaskie
2016,MARIA,170,K,Podlaskie
2016,ANTONI,572,M,Pomorskie
2016,JAKUB,569,M,Pomorskie
2016,JAN,541,M,Pomorskie
2016,SZYMON,478,M,Pomorskie
2016,FILIP,456,M,Pomorskie
2016,FRANCISZEK,434,M,Pomorskie
2016,ALEKSANDER,434,M,Pomorskie
2016,MIKOLAJ,409,M,Pomorskie
2016,NIKODEM,342,M,Pomorskie
2016,KACPER,338,M,Pomorskie
2016,MARCEL,320,M,Pomorskie
2016,ZOFIA,588,K,Pomorskie
2016,ZUZANNA,583,K,Pomorskie
2016,LENA,568,K,Pomorskie
2016,JULIA,560,K,Pomorskie
2016,MAJA,555,K,Pomorskie
2016,HANNA,471,K,Pomorskie
2016,AMELIA,431,K,Pomorskie
2016,OLIWIA,315,K,Pomorskie
2016,ALICJA,305,K,Pomorskie
2016,ANTONINA,302,K,Pomorskie
2016,JAKUB,1135,M,Slaskie
2016,SZYMON,979,M,Slaskie
2016,FILIP,882,M,Slaskie
2016,ANTONI,842,M,Slaskie
2016,KACPER,747,M,Slaskie
2016,FRANCISZEK,737,M,Slaskie
2016,JAN,723,M,Slaskie
2016,WOJCIECH,722,M,Slaskie
2016,MIKOLAJ,652,M,Slaskie
2016,ADAM,590,M,Slaskie
2016,ALEKSANDER,545,M,Slaskie
2016,ZUZANNA,1059,K,Slaskie
2016,HANNA,1034,K,Slaskie
2016,JULIA,991,K,Slaskie
2016,MAJA,958,K,Slaskie
2016,LENA,931,K,Slaskie
2016,EMILIA,869,K,Slaskie
2016,AMELIA,825,K,Slaskie
2016,ZOFIA,788,K,Slaskie
2016,ALICJA,730,K,Slaskie
2016,NATALIA,678,K,Slaskie
2016,ANTONI,359,M,Swietokrzyskie
2016,JAKUB,241,M,Swietokrzyskie
2016,ALEKSANDER,218,M,Swietokrzyskie
2016,FILIP,211,M,Swietokrzyskie
2016,MIKOLAJ,209,M,Swietokrzyskie
2016,JAN,198,M,Swietokrzyskie
2016,KACPER,192,M,Swietokrzyskie
2016,SZYMON,178,M,Swietokrzyskie
2016,WOJCIECH,177,M,Swietokrzyskie
2016,MARCEL,175,M,Swietokrzyskie
2016,ADAM,173,M,Swietokrzyskie
2016,LENA,304,K,Swietokrzyskie
2016,MAJA,255,K,Swietokrzyskie
2016,JULIA,251,K,Swietokrzyskie
2016,AMELIA,220,K,Swietokrzyskie
2016,ZUZANNA,217,K,Swietokrzyskie
2016,HANNA,207,K,Swietokrzyskie
2016,NATALIA,195,K,Swietokrzyskie
2016,ALEKSANDRA,184,K,Swietokrzyskie
2016,ALICJA,184,K,Swietokrzyskie
2016,ZOFIA,173,K,Swietokrzyskie
2016,ANTONI,356,M,Warminsko-mazurskie
2016,JAKUB,320,M,Warminsko-mazurskie
2016,SZYMON,312,M,Warminsko-mazurskie
2016,ALEKSANDER,282,M,Warminsko-mazurskie
2016,JAN,247,M,Warminsko-mazurskie
2016,FILIP,235,M,Warminsko-mazurskie
2016,FRANCISZEK,233,M,Warminsko-mazurskie
2016,MIKOLAJ,231,M,Warminsko-mazurskie
2016,MARCEL,216,M,Warminsko-mazurskie
2016,KACPER,216,M,Warminsko-mazurskie
2016,WOJCIECH,209,M,Warminsko-mazurskie
2016,LENA,386,K,Warminsko-mazurskie
2016,MAJA,369,K,Warminsko-mazurskie
2016,ZUZANNA,366,K,Warminsko-mazurskie
2016,JULIA,343,K,Warminsko-mazurskie
2016,HANNA,339,K,Warminsko-mazurskie
2016,ZOFIA,327,K,Warminsko-mazurskie
2016,AMELIA,294,K,Warminsko-mazurskie
2016,ALEKSANDRA,215,K,Warminsko-mazurskie
2016,ALICJA,194,K,Warminsko-mazurskie
2016,MARIA,182,K,Warminsko-mazurskie
2016,ANTONI,1013,M,Wielkopolskie
2016,JAN,827,M,Wielkopolskie
2016,WOJCIECH,808,M,Wielkopolskie
2016,JAKUB,805,M,Wielkopolskie
2016,FRANCISZEK,789,M,Wielkopolskie
2016,SZYMON,675,M,Wielkopolskie
2016,MIKOLAJ,661,M,Wielkopolskie
2016,FILIP,654,M,Wielkopolskie
2016,ADAM,585,M,Wielkopolskie
2016,ALEKSANDER,574,M,Wielkopolskie
2016,KACPER,557,M,Wielkopolskie
2016,ZOFIA,938,K,Wielkopolskie
2016,LENA,912,K,Wielkopolskie
2016,MAJA,869,K,Wielkopolskie
2016,ZUZANNA,829,K,Wielkopolskie
2016,JULIA,811,K,Wielkopolskie
2016,HANNA,724,K,Wielkopolskie
2016,AMELIA,664,K,Wielkopolskie
2016,MARIA,602,K,Wielkopolskie
2016,ALEKSANDRA,492,K,Wielkopolskie
2016,ALICJA,483,K,Wielkopolskie
2016,ANTONI,413,M,Zachodniopomorskie
2016,JAKUB,377,M,Zachodniopomorskie
2016,JAN,321,M,Zachodniopomorskie
2016,SZYMON,317,M,Zachodniopomorskie
2016,FILIP,310,M,Zachodniopomorskie
2016,ALEKSANDER,292,M,Zachodniopomorskie
2016,MIKOLAJ,273,M,Zachodniopomorskie
2016,FRANCISZEK,259,M,Zachodniopomorskie
2016,MICHAL,245,M,Zachodniopomorskie
2016,KACPER,240,M,Zachodniopomorskie
2016,MARCEL,219,M,Zachodniopomorskie
2016,HANNA,508,K,Zachodniopomorskie
2016,MAJA,427,K,Zachodniopomorskie
2016,ZUZANNA,399,K,Zachodniopomorskie
2016,JULIA,382,K,Zachodniopomorskie
2016,LENA,374,K,Zachodniopomorskie
2016,ZOFIA,351,K,Zachodniopomorskie
2016,AMELIA,303,K,Zachodniopomorskie
2016,ALICJA,247,K,Zachodniopomorskie
2016,OLIWIA,215,K,Zachodniopomorskie
2016,WIKTORIA,190,K,Zachodniopomorskie
2017,JAKUB,668,M,Dolnoslakie
2017,ANTONI,618,M,Dolnoslakie
2017,JAN,540,M,Dolnoslakie
2017,SZYMON,532,M,Dolnoslakie
2017,FILIP,515,M,Dolnoslakie
2017,WOJCIECH,462,M,Dolnoslakie
2017,MIKOLAJ,461,M,Dolnoslakie
2017,ALEKSANDER,452,M,Dolnoslakie
2017,MICHAL,450,M,Dolnoslakie
2017,FRANCISZEK,427,M,Dolnoslakie
2017,KACPER,368,M,Dolnoslakie
2017,HANNA,719,K,Dolnoslakie
2017,ZUZANNA,718,K,Dolnoslakie
2017,JULIA,696,K,Dolnoslakie
2017,MAJA,584,K,Dolnoslakie
2017,ZOFIA,584,K,Dolnoslakie
2017,LENA,561,K,Dolnoslakie
2017,AMELIA,462,K,Dolnoslakie
2017,ALICJA,401,K,Dolnoslakie
2017,MARIA,382,K,Dolnoslakie
2017,ALEKSANDRA,381,K,Dolnoslakie
2017,JAKUB,522,M,Kujawsko-pomorskie
2017,ANTONI,519,M,Kujawsko-pomorskie
2017,ALEKSANDER,445,M,Kujawsko-pomorskie
2017,JAN,445,M,Kujawsko-pomorskie
2017,MIKOLAJ,415,M,Kujawsko-pomorskie
2017,SZYMON,409,M,Kujawsko-pomorskie
2017,FRANCISZEK,390,M,Kujawsko-pomorskie
2017,FILIP,348,M,Kujawsko-pomorskie
2017,KACPER,313,M,Kujawsko-pomorskie
2017,WOJCIECH,308,M,Kujawsko-pomorskie
2017,MARCEL,306,M,Kujawsko-pomorskie
2017,ZUZANNA,560,K,Kujawsko-pomorskie
2017,LENA,535,K,Kujawsko-pomorskie
2017,MAJA,489,K,Kujawsko-pomorskie
2017,JULIA,475,K,Kujawsko-pomorskie
2017,ZOFIA,459,K,Kujawsko-pomorskie
2017,AMELIA,383,K,Kujawsko-pomorskie
2017,ALICJA,342,K,Kujawsko-pomorskie
2017,HANNA,309,K,Kujawsko-pomorskie
2017,MARIA,268,K,Kujawsko-pomorskie
2017,OLIWIA,261,K,Kujawsko-pomorskie
2017,ANTONI,572,M,Lubelskie
2017,SZYMON,516,M,Lubelskie
2017,JAKUB,426,M,Lubelskie
2017,JAN,381,M,Lubelskie
2017,MIKOLAJ,377,M,Lubelskie
2017,KACPER,356,M,Lubelskie
2017,FILIP,356,M,Lubelskie
2017,FRANCISZEK,349,M,Lubelskie
2017,ALEKSANDER,329,M,Lubelskie
2017,WOJCIECH,321,M,Lubelskie
2017,MARCEL,311,M,Lubelskie
2017,ZUZANNA,531,K,Lubelskie
2017,LENA,442,K,Lubelskie
2017,JULIA,434,K,Lubelskie
2017,MAJA,401,K,Lubelskie
2017,HANNA,387,K,Lubelskie
2017,ALICJA,385,K,Lubelskie
2017,ZOFIA,370,K,Lubelskie
2017,ALEKSANDRA,363,K,Lubelskie
2017,AMELIA,322,K,Lubelskie
2017,OLIWIA,268,K,Lubelskie
2017,ANTONI,293,M,Lubuskie
2017,SZYMON,230,M,Lubuskie
2017,JAKUB,228,M,Lubuskie
2017,JAN,203,M,Lubuskie
2017,ALEKSANDER,168,M,Lubuskie
2017,FILIP,163,M,Lubuskie
2017,WOJCIECH,161,M,Lubuskie
2017,FRANCISZEK,160,M,Lubuskie
2017,MIKOLAJ,149,M,Lubuskie
2017,KACPER,145,M,Lubuskie
2017,MICHAL,138,M,Lubuskie
2017,ZUZANNA,274,K,Lubuskie
2017,HANNA,268,K,Lubuskie
2017,JULIA,242,K,Lubuskie
2017,LENA,231,K,Lubuskie
2017,MAJA,227,K,Lubuskie
2017,ZOFIA,220,K,Lubuskie
2017,AMELIA,143,K,Lubuskie
2017,LAURA,124,K,Lubuskie
2017,ALICJA,124,K,Lubuskie
2017,ALEKSANDRA,123,K,Lubuskie
2017,ANTONI,727,M,Lodzkie
2017,JAN,567,M,Lodzkie
2017,JAKUB,510,M,Lodzkie
2017,SZYMON,456,M,Lodzkie
2017,ALEKSANDER,452,M,Lodzkie
2017,FILIP,448,M,Lodzkie
2017,FRANCISZEK,422,M,Lodzkie
2017,WOJCIECH,392,M,Lodzkie
2017,KACPER,381,M,Lodzkie
2017,ADAM,365,M,Lodzkie
2017,MIKOLAJ,359,M,Lodzkie
2017,JULIA,573,K,Lodzkie
2017,LENA,555,K,Lodzkie
2017,ZOFIA,541,K,Lodzkie
2017,MAJA,537,K,Lodzkie
2017,HANNA,535,K,Lodzkie
2017,ZUZANNA,517,K,Lodzkie
2017,AMELIA,400,K,Lodzkie
2017,ALICJA,398,K,Lodzkie
2017,MARIA,398,K,Lodzkie
2017,NATALIA,348,K,Lodzkie
2017,JAKUB,996,M,Malopolskie
2017,ANTONI,922,M,Malopolskie
2017,SZYMON,866,M,Malopolskie
2017,JAN,832,M,Malopolskie
2017,FILIP,697,M,Malopolskie
2017,FRANCISZEK,673,M,Malopolskie
2017,KACPER,650,M,Malopolskie
2017,MIKOLAJ,647,M,Malopolskie
2017,WOJCIECH,603,M,Malopolskie
2017,ALEKSANDER,556,M,Malopolskie
2017,ADAM,535,M,Malopolskie
2017,JULIA,1007,K,Malopolskie
2017,ZUZANNA,887,K,Malopolskie
2017,LENA,834,K,Malopolskie
2017,ZOFIA,741,K,Malopolskie
2017,MAJA,718,K,Malopolskie
2017,EMILIA,704,K,Malopolskie
2017,HANNA,637,K,Malopolskie
2017,ALEKSANDRA,621,K,Malopolskie
2017,ALICJA,573,K,Malopolskie
2017,WIKTORIA,539,K,Malopolskie
2017,JAN,1759,M,Mazowieckie
2017,ANTONI,1675,M,Mazowieckie
2017,JAKUB,1417,M,Mazowieckie
2017,ALEKSANDER,1289,M,Mazowieckie
2017,SZYMON,1238,M,Mazowieckie
2017,FRANCISZEK,1174,M,Mazowieckie
2017,MIKOLAJ,1033,M,Mazowieckie
2017,FILIP,1012,M,Mazowieckie
2017,ADAM,955,M,Mazowieckie
2017,STANISLAW,930,M,Mazowieckie
2017,WOJCIECH,901,M,Mazowieckie
2017,JULIA,1533,K,Mazowieckie
2017,ZOFIA,1467,K,Mazowieckie
2017,ZUZANNA,1261,K,Mazowieckie
2017,ALICJA,1232,K,Mazowieckie
2017,MAJA,1174,K,Mazowieckie
2017,LENA,1125,K,Mazowieckie
2017,HANNA,1111,K,Mazowieckie
2017,MARIA,1025,K,Mazowieckie
2017,AMELIA,932,K,Mazowieckie
2017,ALEKSANDRA,927,K,Mazowieckie
2017,JAKUB,242,M,Opolskie
2017,ANTONI,217,M,Opolskie
2017,FILIP,207,M,Opolskie
2017,SZYMON,185,M,Opolskie
2017,WOJCIECH,162,M,Opolskie
2017,KACPER,159,M,Opolskie
2017,JAN,150,M,Opolskie
2017,FRANCISZEK,148,M,Opolskie
2017,MIKOLAJ,141,M,Opolskie
2017,MICHAL,133,M,Opolskie
2017,ADAM,129,M,Opolskie
2017,HANNA,244,K,Opolskie
2017,JULIA,208,K,Opolskie
2017,LENA,204,K,Opolskie
2017,MAJA,198,K,Opolskie
2017,ZOFIA,195,K,Opolskie
2017,ZUZANNA,186,K,Opolskie
2017,AMELIA,176,K,Opolskie
2017,EMILIA,162,K,Opolskie
2017,LAURA,115,K,Opolskie
2017,NATALIA,114,K,Opolskie
2017,SZYMON,634,M,Podkarpackie
2017,ANTONI,616,M,Podkarpackie
2017,JAKUB,581,M,Podkarpackie
2017,FILIP,421,M,Podkarpackie
2017,JAN,395,M,Podkarpackie
2017,MIKOLAJ,394,M,Podkarpackie
2017,KACPER,379,M,Podkarpackie
2017,ALEKSANDER,362,M,Podkarpackie
2017,FRANCISZEK,358,M,Podkarpackie
2017,MICHAL,338,M,Podkarpackie
2017,WOJCIECH,274,M,Podkarpackie
2017,JULIA,601,K,Podkarpackie
2017,ZUZANNA,560,K,Podkarpackie
2017,MAJA,508,K,Podkarpackie
2017,LENA,482,K,Podkarpackie
2017,EMILIA,444,K,Podkarpackie
2017,ALEKSANDRA,430,K,Podkarpackie
2017,ZOFIA,381,K,Podkarpackie
2017,HANNA,358,K,Podkarpackie
2017,MILENA,352,K,Podkarpackie
2017,AMELIA,351,K,Podkarpackie
2017,JAKUB,324,M,Podlaskie
2017,SZYMON,279,M,Podlaskie
2017,ANTONI,269,M,Podlaskie
2017,ALEKSANDER,247,M,Podlaskie
2017,JAN,242,M,Podlaskie
2017,FILIP,215,M,Podlaskie
2017,KACPER,204,M,Podlaskie
2017,FRANCISZEK,199,M,Podlaskie
2017,MIKOLAJ,177,M,Podlaskie
2017,MARCEL,175,M,Podlaskie
2017,MICHAL,173,M,Podlaskie
2017,ZUZANNA,320,K,Podlaskie
2017,ZOFIA,302,K,Podlaskie
2017,JULIA,297,K,Podlaskie
2017,ALEKSANDRA,278,K,Podlaskie
2017,HANNA,268,K,Podlaskie
2017,LENA,250,K,Podlaskie
2017,AMELIA,243,K,Podlaskie
2017,MAJA,237,K,Podlaskie
2017,NATALIA,205,K,Podlaskie
2017,MARIA,199,K,Podlaskie
2017,JAKUB,584,M,Pomorskie
2017,JAN,566,M,Pomorskie
2017,ANTONI,554,M,Pomorskie
2017,ALEKSANDER,490,M,Pomorskie
2017,FILIP,462,M,Pomorskie
2017,FRANCISZEK,441,M,Pomorskie
2017,SZYMON,440,M,Pomorskie
2017,MIKOLAJ,386,M,Pomorskie
2017,KACPER,378,M,Pomorskie
2017,NIKODEM,376,M,Pomorskie
2017,WOJCIECH,351,M,Pomorskie
2017,ZUZANNA,622,K,Pomorskie
2017,JULIA,589,K,Pomorskie
2017,ZOFIA,542,K,Pomorskie
2017,LENA,510,K,Pomorskie
2017,MAJA,506,K,Pomorskie
2017,HANNA,484,K,Pomorskie
2017,AMELIA,403,K,Pomorskie
2017,OLIWIA,339,K,Pomorskie
2017,MARIA,333,K,Pomorskie
2017,ANTONINA,304,K,Pomorskie
2017,JAKUB,1138,M,Slaskie
2017,SZYMON,915,M,Slaskie
2017,ANTONI,901,M,Slaskie
2017,FILIP,869,M,Slaskie
2017,WOJCIECH,804,M,Slaskie
2017,JAN,780,M,Slaskie
2017,FRANCISZEK,742,M,Slaskie
2017,MIKOLAJ,675,M,Slaskie
2017,KACPER,665,M,Slaskie
2017,PIOTR,572,M,Slaskie
2017,ADAM,570,M,Slaskie
2017,ZUZANNA,1074,K,Slaskie
2017,JULIA,1057,K,Slaskie
2017,HANNA,984,K,Slaskie
2017,LENA,983,K,Slaskie
2017,MAJA,958,K,Slaskie
2017,ZOFIA,872,K,Slaskie
2017,AMELIA,859,K,Slaskie
2017,EMILIA,830,K,Slaskie
2017,ALICJA,778,K,Slaskie
2017,NATALIA,671,K,Slaskie
2017,ANTONI,332,M,Swietokrzyskie
2017,JAKUB,255,M,Swietokrzyskie
2017,JAN,236,M,Swietokrzyskie
2017,FRANCISZEK,217,M,Swietokrzyskie
2017,FILIP,207,M,Swietokrzyskie
2017,ADAM,207,M,Swietokrzyskie
2017,SZYMON,203,M,Swietokrzyskie
2017,ALEKSANDER,203,M,Swietokrzyskie
2017,MIKOLAJ,199,M,Swietokrzyskie
2017,WOJCIECH,193,M,Swietokrzyskie
2017,KACPER,189,M,Swietokrzyskie
2017,JULIA,297,K,Swietokrzyskie
2017,ZUZANNA,267,K,Swietokrzyskie
2017,MAJA,260,K,Swietokrzyskie
2017,LENA,253,K,Swietokrzyskie
2017,HANNA,247,K,Swietokrzyskie
2017,ZOFIA,209,K,Swietokrzyskie
2017,NATALIA,204,K,Swietokrzyskie
2017,AMELIA,197,K,Swietokrzyskie
2017,ALICJA,168,K,Swietokrzyskie
2017,ALEKSANDRA,164,K,Swietokrzyskie
2017,ANTONI,368,M,Warminsko-mazurskie
2017,JAKUB,318,M,Warminsko-mazurskie
2017,ALEKSANDER,311,M,Warminsko-mazurskie
2017,SZYMON,307,M,Warminsko-mazurskie
2017,JAN,306,M,Warminsko-mazurskie
2017,FILIP,265,M,Warminsko-mazurskie
2017,MIKOLAJ,256,M,Warminsko-mazurskie
2017,FRANCISZEK,252,M,Warminsko-mazurskie
2017,MICHAL,227,M,Warminsko-mazurskie
2017,WOJCIECH,225,M,Warminsko-mazurskie
2017,MARCEL,195,M,Warminsko-mazurskie
2017,ZUZANNA,376,K,Warminsko-mazurskie
2017,MAJA,355,K,Warminsko-mazurskie
2017,LENA,353,K,Warminsko-mazurskie
2017,JULIA,342,K,Warminsko-mazurskie
2017,HANNA,339,K,Warminsko-mazurskie
2017,ZOFIA,324,K,Warminsko-mazurskie
2017,AMELIA,255,K,Warminsko-mazurskie
2017,MARIA,234,K,Warminsko-mazurskie
2017,OLIWIA,211,K,Warminsko-mazurskie
2017,ALEKSANDRA,210,K,Warminsko-mazurskie
2017,JAN,957,M,Wielkopolskie
2017,ANTONI,952,M,Wielkopolskie
2017,WOJCIECH,834,M,Wielkopolskie
2017,FRANCISZEK,831,M,Wielkopolskie
2017,JAKUB,789,M,Wielkopolskie
2017,SZYMON,695,M,Wielkopolskie
2017,ALEKSANDER,681,M,Wielkopolskie
2017,FILIP,675,M,Wielkopolskie
2017,MIKOLAJ,630,M,Wielkopolskie
2017,STANISLAW,628,M,Wielkopolskie
2017,ADAM,571,M,Wielkopolskie
2017,ZOFIA,992,K,Wielkopolskie
2017,JULIA,926,K,Wielkopolskie
2017,LENA,861,K,Wielkopolskie
2017,ZUZANNA,848,K,Wielkopolskie
2017,MAJA,769,K,Wielkopolskie
2017,HANNA,754,K,Wielkopolskie
2017,MARIA,674,K,Wielkopolskie
2017,AMELIA,622,K,Wielkopolskie
2017,OLIWIA,530,K,Wielkopolskie
2017,GABRIELA,509,K,Wielkopolskie
2017,ANTONI,450,M,Zachodniopomorskie
2017,JAN,350,M,Zachodniopomorskie
2017,SZYMON,334,M,Zachodniopomorskie
2017,JAKUB,316,M,Zachodniopomorskie
2017,ALEKSANDER,301,M,Zachodniopomorskie
2017,FILIP,287,M,Zachodniopomorskie
2017,FRANCISZEK,281,M,Zachodniopomorskie
2017,MIKOLAJ,275,M,Zachodniopomorskie
2017,KACPER,241,M,Zachodniopomorskie
2017,WOJCIECH,232,M,Zachodniopomorskie
2017,MICHAL,232,M,Zachodniopomorskie
2017,HANNA,481,K,Zachodniopomorskie
2017,JULIA,410,K,Zachodniopomorskie
2017,ZOFIA,386,K,Zachodniopomorskie
2017,ZUZANNA,371,K,Zachodniopomorskie
2017,MAJA,365,K,Zachodniopomorskie
2017,LENA,357,K,Zachodniopomorskie
2017,AMELIA,268,K,Zachodniopomorskie
2017,ALICJA,241,K,Zachodniopomorskie
2017,ALEKSANDRA,222,K,Zachodniopomorskie
2017,MARIA,204,K,Zachodniopomorskie
